ID,aID,address_1,address_2,apt,city,state,country
2,2,1123,,,City,State,Country
3,3,asf,sdf,asdf,asdfdf,asdf,asdf
4,4,asf,sdf,asdf,asdfdf,asdf,asdf
5,5,asf,sdf,asdf,asdfdf,asdf,asdf
6,6,asf,sdf,asdf,asdfdf,asdf,asdf
7,7,asf,sdf,asdf,asdfdf,asdf,asdf
8,8,asf,sdf,asdf,asdfdf,asdf,asdf
9,9,asf,sdf,asdf,asdfdf,asdf,asdf
10,10,asf,sdf,asdf,asdfdf,asdf,asdf
11,11,asf,sdf,asdf,asdfdf,asdf,asdf
12,12,asf,sdf,asdf,asdfdf,asdf,asdf
13,13,asf,sdf,asdf,asdfdf,asdf,asdf
14,14,asf,sdf,asdf,asdfdf,asdf,asdf
